property_id,property_name,market,asset_type,status,acquisition_date,purchase_price,current_value,sqft,noi_annual,cap_rate,occupancy_rate,loan_amount,interest_rate,annual_debt_service,dscr,ltv,latitude,longitude,unrealized_gain,appreciation_pct,going_in_yield,dscr_flag,occupancy_flag,cap_score,dscr_score,appr_score,occ_score,yield_score,total_score,decision,decision_reason,unrealized_gain,appreciation_pct,going_in_yield,dscr_flag,occupancy_flag
PROP-001,Dallas Multifamily 01,Dallas-Fort Worth,Multifamily,Value-Add,2019-03-07,40868828,43978196.0,92097,2431695.0,0.0595,0.969,29574610.0,0.0665,2261718.0,1.08,0.724,32.7767,-96.797,3109368.0,7.6,5.53,At Risk,Strong,5,0,5,15,15,40,VALUE-ADD,Opportunity. Reposition or acquire at discount.,3109368.0,7.6,5.53,At Risk,Strong
PROP-002,Dallas Multifamily 02,Dallas-Fort Worth,Multifamily,Stabilized,2021-07-08,39227216,47601538.0,77314,2553692.0,0.0651,0.945,25601784.0,0.0584,1719416.0,1.49,0.653,32.7767,-96.797,8374322.0,21.3,5.36,Healthy,Stable,15,20,15,15,10,75,HOLD,Strong performer. Stable income and healthy debt coverage.,8374322.0,21.3,5.36,Healthy,Stable
PROP-003,Denver Office 03,Denver,Office,Stabilized,2021-02-17,29429110,33872269.0,21703,2030609.0,0.069,0.976,20130248.0,0.0576,1333428.0,1.52,0.684,39.7392,-104.9903,4443159.0,15.1,5.99,Healthy,Strong,15,20,15,20,15,85,HOLD,Strong performer. Stable income and healthy debt coverage.,4443159.0,15.1,5.99,Healthy,Strong
PROP-004,Dallas Office 04,Dallas-Fort Worth,Office,Development,2020-08-23,43503389,50618817.0,110165,3093091.0,0.0711,0.977,31451783.0,0.0641,2318468.0,1.33,0.723,32.7767,-96.797,7115428.0,16.4,6.11,Healthy,Strong,20,15,15,20,15,85,HOLD,Strong performer. Stable income and healthy debt coverage.,7115428.0,16.4,6.11,Healthy,Strong
PROP-005,Denver Office 05,Denver,Office,Stabilized,2019-07-26,33808537,36308259.0,171349,2336170.0,0.0691,0.909,22130475.0,0.0589,1499008.0,1.56,0.655,39.7392,-104.9903,2499722.0,7.4,6.43,Healthy,Stable,15,20,5,10,15,65,SELL,Underperforming. Consider exit and capital redeployment.,2499722.0,7.4,6.43,Healthy,Stable
PROP-006,Phoenix Office 06,Phoenix,Office,Stabilized,2022-06-01,56966946,71497180.0,138858,3321173.0,0.0583,0.95,39052384.0,0.0664,2982040.0,1.11,0.686,33.4484,-112.074,14530234.0,25.5,4.65,At Risk,Strong,5,0,20,15,10,50,SELL,Underperforming. Consider exit and capital redeployment.,14530234.0,25.5,4.65,At Risk,Strong
PROP-007,Austin Industrial 07,Austin,Industrial,Stabilized,2020-04-14,70043515,87931527.0,62834,4384724.0,0.0626,0.936,52459254.0,0.0659,3975625.0,1.1,0.749,30.2672,-97.7431,17888012.0,25.5,4.99,At Risk,Stable,10,0,20,10,10,50,SELL,Underperforming. Consider exit and capital redeployment.,17888012.0,25.5,4.99,At Risk,Stable
PROP-008,Dallas Office 08,Dallas-Fort Worth,Office,Value-Add,2021-03-21,43935572,48934911.0,125162,2473573.0,0.0563,0.952,32570038.0,0.0646,2419628.0,1.02,0.741,32.7767,-96.797,4999339.0,11.4,5.05,At Risk,Strong,5,0,10,15,10,40,VALUE-ADD,Opportunity. Reposition or acquire at discount.,4999339.0,11.4,5.05,At Risk,Strong
PROP-009,Phoenix Industrial 09,Phoenix,Industrial,Value-Add,2021-01-11,26740864,35280475.0,89436,1601778.0,0.0599,0.938,18882708.0,0.0595,1292049.0,1.24,0.706,33.4484,-112.074,8539611.0,31.9,4.54,Watch,Stable,5,10,20,10,10,55,SELL,Underperforming. Consider exit and capital redeployment.,8539611.0,31.9,4.54,Watch,Stable
PROP-010,Austin Industrial 10,Austin,Industrial,Value-Add,2022-05-06,74238574,95591355.0,153569,4216751.0,0.0568,0.943,48604858.0,0.0569,3180459.0,1.33,0.655,30.2672,-97.7431,21352781.0,28.8,4.41,Healthy,Stable,5,15,20,15,5,60,SELL,Underperforming. Consider exit and capital redeployment.,21352781.0,28.8,4.41,Healthy,Stable
PROP-011,Dallas Retail 11,Dallas-Fort Worth,Retail,Development,2022-01-04,70820592,89674205.0,120039,4645831.0,0.0656,0.881,52910619.0,0.0696,4234966.0,1.1,0.747,32.7767,-96.797,18853613.0,26.6,5.18,At Risk,Below Target,15,0,20,5,10,50,SELL,Underperforming. Consider exit and capital redeployment.,18853613.0,26.6,5.18,At Risk,Below Target
PROP-012,Houston Office 12,Houston,Office,Development,2020-01-01,47392920,53507399.0,49242,3018929.0,0.0637,0.968,32955727.0,0.0712,2698415.0,1.12,0.695,29.7604,-95.3698,6114479.0,12.9,5.64,At Risk,Strong,10,0,10,15,15,50,SELL,Underperforming. Consider exit and capital redeployment.,6114479.0,12.9,5.64,At Risk,Strong
PROP-013,Denver Multifamily 13,Denver,Multifamily,Development,2019-01-02,48056581,52788458.0,183918,3450463.0,0.0718,0.917,33676432.0,0.0584,2261709.0,1.53,0.701,39.7392,-104.9903,4731877.0,9.8,6.54,Healthy,Stable,20,20,5,10,20,75,HOLD,Strong performer. Stable income and healthy debt coverage.,4731877.0,9.8,6.54,Healthy,Stable
PROP-014,Denver Office 14,Denver,Office,Stabilized,2022-03-07,10614124,11907303.0,148085,607128.0,0.0572,0.961,7284453.0,0.0718,601477.0,1.01,0.686,39.7392,-104.9903,1293179.0,12.2,5.1,At Risk,Strong,5,0,10,15,10,40,VALUE-ADD,Opportunity. Reposition or acquire at discount.,1293179.0,12.2,5.1,At Risk,Strong
PROP-015,Dallas Multifamily 15,Dallas-Fort Worth,Multifamily,Stabilized,2020-06-26,17289546,23065198.0,147399,1289800.0,0.0746,0.946,12159230.0,0.0571,798436.0,1.62,0.703,32.7767,-96.797,5775652.0,33.4,5.59,Healthy,Stable,20,20,20,15,15,90,HOLD,Strong performer. Stable income and healthy debt coverage.,5775652.0,33.4,5.59,Healthy,Stable
PROP-016,Denver Retail 16,Denver,Retail,Value-Add,2019-09-05,34998038,46193358.0,75521,2425364.0,0.0693,0.917,24145119.0,0.0664,1843721.0,1.32,0.69,39.7392,-104.9903,11195320.0,32.0,5.25,Healthy,Stable,15,15,20,10,10,70,HOLD,Strong performer. Stable income and healthy debt coverage.,11195320.0,32.0,5.25,Healthy,Stable
PROP-017,Austin Industrial 17,Austin,Industrial,Stabilized,2020-04-13,53377076,67380674.0,36784,2957090.0,0.0554,0.881,37651771.0,0.065,2814470.0,1.05,0.705,30.2672,-97.7431,14003598.0,26.2,4.39,At Risk,Below Target,5,0,20,5,5,35,VALUE-ADD,Opportunity. Reposition or acquire at discount.,14003598.0,26.2,4.39,At Risk,Below Target
PROP-018,Dallas Multifamily 18,Dallas-Fort Worth,Multifamily,Development,2022-03-26,17510312,22185666.0,106619,1143423.0,0.0653,0.934,11869325.0,0.0633,864028.0,1.32,0.678,32.7767,-96.797,4675354.0,26.7,5.15,Healthy,Stable,15,15,20,10,10,70,HOLD,Strong performer. Stable income and healthy debt coverage.,4675354.0,26.7,5.15,Healthy,Stable
PROP-019,Phoenix Industrial 19,Phoenix,Industrial,Development,2019-04-21,62634663,74541976.0,143987,3682918.0,0.0588,0.922,41319654.0,0.0623,2960347.0,1.24,0.66,33.4484,-112.074,11907313.0,19.0,4.94,Watch,Stable,5,10,15,10,10,50,SELL,Underperforming. Consider exit and capital redeployment.,11907313.0,19.0,4.94,Watch,Stable
PROP-020,Dallas Multifamily 20,Dallas-Fort Worth,Multifamily,Stabilized,2020-07-24,53540424,58469071.0,125544,3801370.0,0.071,0.934,35386307.0,0.0583,2372475.0,1.6,0.661,32.7767,-96.797,4928647.0,9.2,6.5,Healthy,Stable,20,20,5,10,20,75,HOLD,Strong performer. Stable income and healthy debt coverage.,4928647.0,9.2,6.5,Healthy,Stable
PROP-021,Phoenix Industrial 21,Phoenix,Industrial,Stabilized,2019-07-11,67476001,81792815.0,39761,4804291.0,0.0712,0.945,49635123.0,0.0567,3236458.0,1.48,0.736,33.4484,-112.074,14316814.0,21.2,5.87,Healthy,Stable,20,20,15,15,15,85,HOLD,Strong performer. Stable income and healthy debt coverage.,14316814.0,21.2,5.87,Healthy,Stable
PROP-022,Austin Industrial 22,Austin,Industrial,Value-Add,2020-06-27,73181648,76888051.0,126539,4727534.0,0.0646,0.896,53895725.0,0.0703,4357200.0,1.08,0.736,30.2672,-97.7431,3706403.0,5.1,6.15,At Risk,Below Target,10,0,5,5,15,35,VALUE-ADD,Opportunity. Reposition or acquire at discount.,3706403.0,5.1,6.15,At Risk,Below Target
PROP-023,Phoenix Office 23,Phoenix,Office,Development,2020-10-04,73319931,88912042.0,130888,4259888.0,0.0581,0.938,49833415.0,0.0715,4097553.0,1.04,0.68,33.4484,-112.074,15592111.0,21.3,4.79,At Risk,Stable,5,0,15,10,10,40,VALUE-ADD,Opportunity. Reposition or acquire at discount.,15592111.0,21.3,4.79,At Risk,Stable
PROP-024,Dallas Multifamily 24,Dallas-Fort Worth,Multifamily,Stabilized,2019-05-21,71993471,77323395.0,173138,4686775.0,0.0651,0.976,52934783.0,0.0577,3512488.0,1.33,0.735,32.7767,-96.797,5329924.0,7.4,6.06,Healthy,Strong,15,15,5,20,15,70,HOLD,Strong performer. Stable income and healthy debt coverage.,5329924.0,7.4,6.06,Healthy,Strong
PROP-025,Denver Multifamily 25,Denver,Multifamily,Stabilized,2021-05-08,39568532,42018714.0,197002,2496774.0,0.0631,0.938,29445303.0,0.0647,2190878.0,1.14,0.744,39.7392,-104.9903,2450182.0,6.2,5.94,At Risk,Stable,10,0,5,10,15,40,VALUE-ADD,Opportunity. Reposition or acquire at discount.,2450182.0,6.2,5.94,At Risk,Stable
PROP-026,Denver Office 26,Denver,Office,Value-Add,2020-10-09,35415205,44044128.0,88358,2422400.0,0.0684,0.893,24132572.0,0.0595,1651271.0,1.47,0.681,39.7392,-104.9903,8628923.0,24.4,5.5,Healthy,Below Target,15,20,15,5,15,70,HOLD,Strong performer. Stable income and healthy debt coverage.,8628923.0,24.4,5.5,Healthy,Below Target
PROP-027,Dallas Multifamily 27,Dallas-Fort Worth,Multifamily,Stabilized,2021-01-26,21419256,28150455.0,140136,1210188.0,0.0565,0.973,14379077.0,0.0595,983888.0,1.23,0.671,32.7767,-96.797,6731199.0,31.4,4.3,Watch,Strong,5,10,20,20,5,60,SELL,Underperforming. Consider exit and capital redeployment.,6731199.0,31.4,4.3,Watch,Strong
PROP-028,Houston Industrial 28,Houston,Industrial,Value-Add,2022-09-20,48603163,62947475.0,134867,3266133.0,0.0672,0.881,36390321.0,0.0661,2766210.0,1.18,0.749,29.7604,-95.3698,14344312.0,29.5,5.19,Watch,Below Target,15,5,20,5,10,55,SELL,Underperforming. Consider exit and capital redeployment.,14344312.0,29.5,5.19,Watch,Below Target
PROP-029,Dallas Industrial 29,Dallas-Fort Worth,Industrial,Value-Add,2020-02-21,23492573,26151671.0,89328,1710259.0,0.0728,0.908,17014300.0,0.0576,1127027.0,1.52,0.724,32.7767,-96.797,2659098.0,11.3,6.54,Healthy,Stable,20,20,10,10,20,80,HOLD,Strong performer. Stable income and healthy debt coverage.,2659098.0,11.3,6.54,Healthy,Stable
PROP-030,Houston Retail 30,Houston,Retail,Development,2020-06-20,14818112,18986977.0,85829,841669.0,0.0568,0.88,10259432.0,0.0597,704361.0,1.19,0.692,29.7604,-95.3698,4168865.0,28.1,4.43,Watch,Below Target,5,5,20,5,5,40,VALUE-ADD,Opportunity. Reposition or acquire at discount.,4168865.0,28.1,4.43,Watch,Below Target
PROP-031,Austin Retail 31,Austin,Retail,Stabilized,2021-01-26,65403166,71597911.0,164619,4329690.0,0.0662,0.949,43243748.0,0.0711,3535825.0,1.22,0.661,30.2672,-97.7431,6194745.0,9.5,6.05,Watch,Stable,15,10,5,15,15,60,SELL,Underperforming. Consider exit and capital redeployment.,6194745.0,9.5,6.05,Watch,Stable
PROP-032,Denver Industrial 32,Denver,Industrial,Value-Add,2020-03-06,25105448,26661194.0,132666,1400884.0,0.0558,0.977,17234015.0,0.0709,1405175.0,1.0,0.686,39.7392,-104.9903,1555746.0,6.2,5.25,At Risk,Strong,5,0,5,20,10,40,VALUE-ADD,Opportunity. Reposition or acquire at discount.,1555746.0,6.2,5.25,At Risk,Strong
PROP-033,Austin Multifamily 33,Austin,Multifamily,Stabilized,2021-04-24,62543049,68719208.0,112714,4659457.0,0.0745,0.904,45340443.0,0.0707,3686405.0,1.26,0.725,30.2672,-97.7431,6176159.0,9.9,6.78,Watch,Stable,20,10,5,10,20,65,SELL,Underperforming. Consider exit and capital redeployment.,6176159.0,9.9,6.78,Watch,Stable
PROP-034,Dallas Industrial 34,Dallas-Fort Worth,Industrial,Stabilized,2021-02-22,63259205,81364771.0,107080,4491404.0,0.071,0.907,46584484.0,0.0688,3685764.0,1.22,0.736,32.7767,-96.797,18105566.0,28.6,5.52,Watch,Stable,20,10,20,10,15,75,HOLD,Strong performer. Stable income and healthy debt coverage.,18105566.0,28.6,5.52,Watch,Stable
PROP-035,Dallas Retail 35,Dallas-Fort Worth,Retail,Stabilized,2022-09-13,34786211,38900677.0,78309,2480257.0,0.0713,0.96,24212258.0,0.0602,1676215.0,1.48,0.696,32.7767,-96.797,4114466.0,11.8,6.38,Healthy,Strong,20,20,10,15,15,80,HOLD,Strong performer. Stable income and healthy debt coverage.,4114466.0,11.8,6.38,Healthy,Strong
PROP-036,Austin Retail 36,Austin,Retail,Development,2020-11-09,45393469,53105979.0,106051,3281948.0,0.0723,0.944,33894800.0,0.0597,2327047.0,1.41,0.747,30.2672,-97.7431,7712510.0,17.0,6.18,Healthy,Stable,20,20,15,15,15,85,HOLD,Strong performer. Stable income and healthy debt coverage.,7712510.0,17.0,6.18,Healthy,Stable
PROP-037,Dallas Multifamily 37,Dallas-Fort Worth,Multifamily,Value-Add,2021-06-12,31966966,36880485.0,88475,2129000.0,0.0666,0.94,23922641.0,0.0557,1532365.0,1.39,0.748,32.7767,-96.797,4913519.0,15.4,5.77,Healthy,Stable,15,15,15,15,15,75,HOLD,Strong performer. Stable income and healthy debt coverage.,4913519.0,15.4,5.77,Healthy,Stable
PROP-038,Denver Multifamily 38,Denver,Multifamily,Development,2022-10-05,33511941,40600910.0,120976,2014068.0,0.0601,0.973,24158039.0,0.055,1527996.0,1.32,0.721,39.7392,-104.9903,7088969.0,21.2,4.96,Healthy,Strong,10,15,15,20,10,70,HOLD,Strong performer. Stable income and healthy debt coverage.,7088969.0,21.2,4.96,Healthy,Strong
PROP-039,Austin Office 39,Austin,Office,Value-Add,2021-11-04,17391725,18911546.0,133062,1286988.0,0.074,0.946,12906001.0,0.0656,973629.0,1.32,0.742,30.2672,-97.7431,1519821.0,8.7,6.81,Healthy,Stable,20,15,5,15,20,75,HOLD,Strong performer. Stable income and healthy debt coverage.,1519821.0,8.7,6.81,Healthy,Stable
PROP-040,Houston Retail 40,Houston,Retail,Development,2019-12-23,62009265,72162884.0,105506,4272438.0,0.0689,0.946,43743893.0,0.0583,2932809.0,1.46,0.705,29.7604,-95.3698,10153619.0,16.4,5.92,Healthy,Stable,15,20,15,15,15,80,HOLD,Strong performer. Stable income and healthy debt coverage.,10153619.0,16.4,5.92,Healthy,Stable
PROP-041,Denver Office 41,Denver,Office,Value-Add,2021-06-24,8054484,9235874.0,126450,492129.0,0.0611,0.941,5404706.0,0.0684,425134.0,1.16,0.671,39.7392,-104.9903,1181390.0,14.7,5.33,Watch,Stable,10,5,10,15,10,50,SELL,Underperforming. Consider exit and capital redeployment.,1181390.0,14.7,5.33,Watch,Stable
PROP-042,Austin Retail 42,Austin,Retail,Stabilized,2022-10-09,19381064,25885347.0,64483,1176431.0,0.0607,0.889,13884311.0,0.0655,1045836.0,1.12,0.716,30.2672,-97.7431,6504283.0,33.6,4.54,At Risk,Below Target,10,0,20,5,10,45,VALUE-ADD,Opportunity. Reposition or acquire at discount.,6504283.0,33.6,4.54,At Risk,Below Target
PROP-043,Houston Industrial 43,Houston,Industrial,Value-Add,2022-07-13,27777514,29773286.0,72200,1541652.0,0.0555,0.965,18735496.0,0.0631,1359541.0,1.13,0.674,29.7604,-95.3698,1995772.0,7.2,5.18,At Risk,Strong,5,0,5,15,10,35,VALUE-ADD,Opportunity. Reposition or acquire at discount.,1995772.0,7.2,5.18,At Risk,Strong
PROP-044,Denver Industrial 44,Denver,Industrial,Stabilized,2021-05-20,74354180,97265095.0,120657,4684313.0,0.063,0.969,49427472.0,0.0667,3791334.0,1.24,0.665,39.7392,-104.9903,22910915.0,30.8,4.82,Watch,Strong,10,10,20,15,10,65,SELL,Underperforming. Consider exit and capital redeployment.,22910915.0,30.8,4.82,Watch,Strong
PROP-045,Austin Industrial 45,Austin,Industrial,Development,2021-12-23,70350830,90782468.0,155779,3939646.0,0.056,0.926,47481170.0,0.0694,3789472.0,1.04,0.675,30.2672,-97.7431,20431638.0,29.0,4.34,At Risk,Stable,5,0,20,10,5,40,VALUE-ADD,Opportunity. Reposition or acquire at discount.,20431638.0,29.0,4.34,At Risk,Stable
PROP-046,Denver Office 46,Denver,Office,Value-Add,2020-06-14,75750178,99115205.0,136017,4810136.0,0.0635,0.896,56107056.0,0.0626,4039147.0,1.19,0.741,39.7392,-104.9903,23365027.0,30.8,4.85,Watch,Below Target,10,5,20,5,10,50,SELL,Underperforming. Consider exit and capital redeployment.,23365027.0,30.8,4.85,Watch,Below Target
PROP-047,Austin Office 47,Austin,Office,Value-Add,2022-01-11,73041510,82647530.0,156655,4930302.0,0.0675,0.909,49482683.0,0.0563,3203756.0,1.54,0.677,30.2672,-97.7431,9606020.0,13.2,5.97,Healthy,Stable,15,20,10,10,15,70,HOLD,Strong performer. Stable income and healthy debt coverage.,9606020.0,13.2,5.97,Healthy,Stable
PROP-048,Dallas Industrial 48,Dallas-Fort Worth,Industrial,Value-Add,2021-05-01,39039390,44866582.0,59539,2447770.0,0.0627,0.921,25972146.0,0.0586,1750263.0,1.4,0.665,32.7767,-96.797,5827192.0,14.9,5.46,Healthy,Stable,10,20,10,10,10,60,SELL,Underperforming. Consider exit and capital redeployment.,5827192.0,14.9,5.46,Healthy,Stable
PROP-049,Dallas Industrial 49,Dallas-Fort Worth,Industrial,Value-Add,2021-09-03,60274692,77132220.0,130138,4406080.0,0.0731,0.966,42699070.0,0.0668,3280143.0,1.34,0.708,32.7767,-96.797,16857528.0,28.0,5.71,Healthy,Strong,20,15,20,15,15,85,HOLD,Strong performer. Stable income and healthy debt coverage.,16857528.0,28.0,5.71,Healthy,Strong
PROP-050,Dallas Office 50,Dallas-Fort Worth,Office,Development,2020-03-27,60343121,73246875.0,98279,4350739.0,0.0721,0.955,44976325.0,0.0621,3211984.0,1.35,0.745,32.7767,-96.797,12903754.0,21.4,5.94,Healthy,Strong,20,15,15,15,15,80,HOLD,Strong performer. Stable income and healthy debt coverage.,12903754.0,21.4,5.94,Healthy,Strong
