property_id,property_name,market,asset_type,scenario,noi_adjusted,cap_rate_adj,value_adjusted,noi_delta_pct,scenario_score,scenario_decision
PROP-001,Dallas Multifamily 01,Dallas-Fort Worth,Multifamily,Base,2431695.0,0.0595,40868824.0,0.0,40,VALUE-ADD
PROP-001,Dallas Multifamily 01,Dallas-Fort Worth,Multifamily,Upside,2626231.0,0.057,46074228.0,8.0,50,SELL
PROP-001,Dallas Multifamily 01,Dallas-Fort Worth,Multifamily,Downside,2188526.0,0.0645,33930636.0,-10.0,25,VALUE-ADD
PROP-002,Dallas Multifamily 02,Dallas-Fort Worth,Multifamily,Base,2553692.0,0.0651,39227220.0,0.0,75,HOLD
PROP-002,Dallas Multifamily 02,Dallas-Fort Worth,Multifamily,Upside,2757987.0,0.0626,44057300.0,8.0,85,HOLD
PROP-002,Dallas Multifamily 02,Dallas-Fort Worth,Multifamily,Downside,2298323.0,0.0701,32786348.0,-10.0,60,SELL
PROP-003,Denver Office 03,Denver,Office,Base,2030609.0,0.069,29429116.0,0.0,85,HOLD
PROP-003,Denver Office 03,Denver,Office,Upside,2193058.0,0.0665,32978316.0,8.0,95,HOLD
PROP-003,Denver Office 03,Denver,Office,Downside,1827548.0,0.074,24696595.0,-10.0,70,HOLD
PROP-004,Dallas Office 04,Dallas-Fort Worth,Office,Base,3093091.0,0.0711,43503390.0,0.0,85,HOLD
PROP-004,Dallas Office 04,Dallas-Fort Worth,Office,Upside,3340538.0,0.0686,48695889.0,8.0,95,HOLD
PROP-004,Dallas Office 04,Dallas-Fort Worth,Office,Downside,2783782.0,0.0761,36580578.0,-10.0,70,HOLD
PROP-005,Denver Office 05,Denver,Office,Base,2336170.0,0.0691,33808538.0,0.0,65,SELL
PROP-005,Denver Office 05,Denver,Office,Upside,2523064.0,0.0666,37883844.0,8.0,75,HOLD
PROP-005,Denver Office 05,Denver,Office,Downside,2102553.0,0.0741,28374534.0,-10.0,50,SELL
PROP-006,Phoenix Office 06,Phoenix,Office,Base,3321173.0,0.0583,56966947.0,0.0,50,SELL
PROP-006,Phoenix Office 06,Phoenix,Office,Upside,3586867.0,0.0558,64280771.0,8.0,60,SELL
PROP-006,Phoenix Office 06,Phoenix,Office,Downside,2989056.0,0.0633,47220474.0,-10.0,35,VALUE-ADD
PROP-007,Austin Industrial 07,Austin,Industrial,Base,4384724.0,0.0626,70043514.0,0.0,50,SELL
PROP-007,Austin Industrial 07,Austin,Industrial,Upside,4735502.0,0.0601,78793710.0,8.0,60,SELL
PROP-007,Austin Industrial 07,Austin,Industrial,Downside,3946252.0,0.0676,58376509.0,-10.0,35,VALUE-ADD
PROP-008,Dallas Office 08,Dallas-Fort Worth,Office,Base,2473573.0,0.0563,43935577.0,0.0,40,VALUE-ADD
PROP-008,Dallas Office 08,Dallas-Fort Worth,Office,Upside,2671459.0,0.0538,49655372.0,8.0,50,SELL
PROP-008,Dallas Office 08,Dallas-Fort Worth,Office,Downside,2226216.0,0.0613,36316737.0,-10.0,25,VALUE-ADD
PROP-009,Phoenix Industrial 09,Phoenix,Industrial,Base,1601778.0,0.0599,26740868.0,0.0,55,SELL
PROP-009,Phoenix Industrial 09,Phoenix,Industrial,Upside,1729920.0,0.0574,30137979.0,8.0,65,SELL
PROP-009,Phoenix Industrial 09,Phoenix,Industrial,Downside,1441600.0,0.0649,22212635.0,-10.0,40,VALUE-ADD
PROP-010,Austin Industrial 10,Austin,Industrial,Base,4216751.0,0.0568,74238574.0,0.0,60,SELL
PROP-010,Austin Industrial 10,Austin,Industrial,Upside,4554091.0,0.0543,83869079.0,8.0,70,HOLD
PROP-010,Austin Industrial 10,Austin,Industrial,Downside,3795076.0,0.0618,61408997.0,-10.0,45,VALUE-ADD
PROP-011,Dallas Retail 11,Dallas-Fort Worth,Retail,Base,4645831.0,0.0656,70820595.0,0.0,50,SELL
PROP-011,Dallas Retail 11,Dallas-Fort Worth,Retail,Upside,5017497.0,0.0631,79516593.0,8.0,60,SELL
PROP-011,Dallas Retail 11,Dallas-Fort Worth,Retail,Downside,4181248.0,0.0706,59224476.0,-10.0,35,VALUE-ADD
PROP-012,Houston Office 12,Houston,Office,Base,3018929.0,0.0637,47392920.0,0.0,50,SELL
PROP-012,Houston Office 12,Houston,Office,Upside,3260443.0,0.0612,53275212.0,8.0,60,SELL
PROP-012,Houston Office 12,Houston,Office,Downside,2717036.0,0.0687,39549287.0,-10.0,35,VALUE-ADD
PROP-013,Denver Multifamily 13,Denver,Multifamily,Base,3450463.0,0.0718,48056588.0,0.0,75,HOLD
PROP-013,Denver Multifamily 13,Denver,Multifamily,Upside,3726500.0,0.0693,53773449.0,8.0,85,HOLD
PROP-013,Denver Multifamily 13,Denver,Multifamily,Downside,3105417.0,0.0768,40435117.0,-10.0,60,SELL
PROP-014,Denver Office 14,Denver,Office,Base,607128.0,0.0572,10614126.0,0.0,40,VALUE-ADD
PROP-014,Denver Office 14,Denver,Office,Upside,655698.0,0.0547,11987166.0,8.0,50,SELL
PROP-014,Denver Office 14,Denver,Office,Downside,546415.0,0.0622,8784807.0,-10.0,25,VALUE-ADD
PROP-015,Dallas Multifamily 15,Dallas-Fort Worth,Multifamily,Base,1289800.0,0.0746,17289544.0,0.0,90,HOLD
PROP-015,Dallas Multifamily 15,Dallas-Fort Worth,Multifamily,Upside,1392984.0,0.0721,19320166.0,8.0,100,HOLD
PROP-015,Dallas Multifamily 15,Dallas-Fort Worth,Multifamily,Downside,1160820.0,0.0796,14583166.0,-10.0,75,HOLD
PROP-016,Denver Retail 16,Denver,Retail,Base,2425364.0,0.0693,34998038.0,0.0,70,HOLD
PROP-016,Denver Retail 16,Denver,Retail,Upside,2619393.0,0.0668,39212470.0,8.0,80,HOLD
PROP-016,Denver Retail 16,Denver,Retail,Downside,2182828.0,0.0743,29378573.0,-10.0,55,SELL
PROP-017,Austin Industrial 17,Austin,Industrial,Base,2957090.0,0.0554,53377076.0,0.0,35,VALUE-ADD
PROP-017,Austin Industrial 17,Austin,Industrial,Upside,3193657.0,0.0529,60371588.0,8.0,45,VALUE-ADD
PROP-017,Austin Industrial 17,Austin,Industrial,Downside,2661381.0,0.0604,44062599.0,-10.0,20,VALUE-ADD
PROP-018,Dallas Multifamily 18,Dallas-Fort Worth,Multifamily,Base,1143423.0,0.0653,17510306.0,0.0,70,HOLD
PROP-018,Dallas Multifamily 18,Dallas-Fort Worth,Multifamily,Upside,1234897.0,0.0628,19663965.0,8.0,80,HOLD
PROP-018,Dallas Multifamily 18,Dallas-Fort Worth,Multifamily,Downside,1029081.0,0.0703,14638421.0,-10.0,55,SELL
PROP-019,Phoenix Industrial 19,Phoenix,Industrial,Base,3682918.0,0.0588,62634660.0,0.0,50,SELL
PROP-019,Phoenix Industrial 19,Phoenix,Industrial,Upside,3977551.0,0.0563,70649218.0,8.0,60,SELL
PROP-019,Phoenix Industrial 19,Phoenix,Industrial,Downside,3314626.0,0.0638,51953386.0,-10.0,35,VALUE-ADD
PROP-020,Dallas Multifamily 20,Dallas-Fort Worth,Multifamily,Base,3801370.0,0.071,53540423.0,0.0,75,HOLD
PROP-020,Dallas Multifamily 20,Dallas-Fort Worth,Multifamily,Upside,4105480.0,0.0685,59934015.0,8.0,85,HOLD
PROP-020,Dallas Multifamily 20,Dallas-Fort Worth,Multifamily,Downside,3421233.0,0.076,45016224.0,-10.0,60,SELL
PROP-021,Phoenix Industrial 21,Phoenix,Industrial,Base,4804291.0,0.0712,67475997.0,0.0,85,HOLD
PROP-021,Phoenix Industrial 21,Phoenix,Industrial,Upside,5188634.0,0.0687,75525968.0,8.0,95,HOLD
PROP-021,Phoenix Industrial 21,Phoenix,Industrial,Downside,4323862.0,0.0762,56743596.0,-10.0,70,HOLD
PROP-022,Austin Industrial 22,Austin,Industrial,Base,4727534.0,0.0646,73181641.0,0.0,35,VALUE-ADD
PROP-022,Austin Industrial 22,Austin,Industrial,Upside,5105737.0,0.0621,82217987.0,8.0,45,VALUE-ADD
PROP-022,Austin Industrial 22,Austin,Industrial,Downside,4254781.0,0.0696,61131911.0,-10.0,20,VALUE-ADD
PROP-023,Phoenix Office 23,Phoenix,Office,Base,4259888.0,0.0581,73319931.0,0.0,40,VALUE-ADD
PROP-023,Phoenix Office 23,Phoenix,Office,Upside,4600679.0,0.0556,82746025.0,8.0,50,SELL
PROP-023,Phoenix Office 23,Phoenix,Office,Downside,3833899.0,0.0631,60759097.0,-10.0,25,VALUE-ADD
PROP-024,Dallas Multifamily 24,Dallas-Fort Worth,Multifamily,Base,4686775.0,0.0651,71993472.0,0.0,70,HOLD
PROP-024,Dallas Multifamily 24,Dallas-Fort Worth,Multifamily,Upside,5061717.0,0.0626,80858099.0,8.0,80,HOLD
PROP-024,Dallas Multifamily 24,Dallas-Fort Worth,Multifamily,Downside,4218098.0,0.0701,60172582.0,-10.0,55,SELL
PROP-025,Denver Multifamily 25,Denver,Multifamily,Base,2496774.0,0.0631,39568526.0,0.0,40,VALUE-ADD
PROP-025,Denver Multifamily 25,Denver,Multifamily,Upside,2696516.0,0.0606,44496964.0,8.0,50,SELL
PROP-025,Denver Multifamily 25,Denver,Multifamily,Downside,2247097.0,0.0681,32997019.0,-10.0,25,VALUE-ADD
PROP-026,Denver Office 26,Denver,Office,Base,2422400.0,0.0684,35415205.0,0.0,70,HOLD
PROP-026,Denver Office 26,Denver,Office,Upside,2616192.0,0.0659,39699423.0,8.0,80,HOLD
PROP-026,Denver Office 26,Denver,Office,Downside,2180160.0,0.0734,29702452.0,-10.0,55,SELL
PROP-027,Dallas Multifamily 27,Dallas-Fort Worth,Multifamily,Base,1210188.0,0.0565,21419257.0,0.0,60,SELL
PROP-027,Dallas Multifamily 27,Dallas-Fort Worth,Multifamily,Upside,1307003.0,0.054,24203759.0,8.0,70,HOLD
PROP-027,Dallas Multifamily 27,Dallas-Fort Worth,Multifamily,Downside,1089169.0,0.0615,17710065.0,-10.0,45,VALUE-ADD
PROP-028,Houston Industrial 28,Houston,Industrial,Base,3266133.0,0.0672,48603170.0,0.0,55,SELL
PROP-028,Houston Industrial 28,Houston,Industrial,Upside,3527424.0,0.0647,54519691.0,8.0,65,SELL
PROP-028,Houston Industrial 28,Houston,Industrial,Downside,2939520.0,0.0722,40713573.0,-10.0,40,VALUE-ADD
PROP-029,Dallas Industrial 29,Dallas-Fort Worth,Industrial,Base,1710259.0,0.0728,23492569.0,0.0,80,HOLD
PROP-029,Dallas Industrial 29,Dallas-Fort Worth,Industrial,Upside,1847080.0,0.0703,26274253.0,8.0,90,HOLD
PROP-029,Dallas Industrial 29,Dallas-Fort Worth,Industrial,Downside,1539233.0,0.0778,19784486.0,-10.0,65,SELL
PROP-030,Houston Retail 30,Houston,Retail,Base,841669.0,0.0568,14818116.0,0.0,40,VALUE-ADD
PROP-030,Houston Retail 30,Houston,Retail,Upside,909003.0,0.0543,16740387.0,8.0,50,SELL
PROP-030,Houston Retail 30,Houston,Retail,Downside,757502.0,0.0618,12257314.0,-10.0,25,VALUE-ADD
PROP-031,Austin Retail 31,Austin,Retail,Base,4329690.0,0.0662,65403172.0,0.0,60,SELL
PROP-031,Austin Retail 31,Austin,Retail,Upside,4676065.0,0.0637,73407614.0,8.0,70,HOLD
PROP-031,Austin Retail 31,Austin,Retail,Downside,3896721.0,0.0712,54729228.0,-10.0,45,VALUE-ADD
PROP-032,Denver Industrial 32,Denver,Industrial,Base,1400884.0,0.0558,25105448.0,0.0,40,VALUE-ADD
PROP-032,Denver Industrial 32,Denver,Industrial,Upside,1512955.0,0.0533,28385647.0,8.0,50,SELL
PROP-032,Denver Industrial 32,Denver,Industrial,Downside,1260796.0,0.0608,20736776.0,-10.0,25,VALUE-ADD
PROP-033,Austin Multifamily 33,Austin,Multifamily,Base,4659457.0,0.0745,62543047.0,0.0,65,SELL
PROP-033,Austin Multifamily 33,Austin,Multifamily,Upside,5032214.0,0.072,69891861.0,8.0,75,HOLD
PROP-033,Austin Multifamily 33,Austin,Multifamily,Downside,4193511.0,0.0795,52748566.0,-10.0,50,SELL
PROP-034,Dallas Industrial 34,Dallas-Fort Worth,Industrial,Base,4491404.0,0.071,63259211.0,0.0,75,HOLD
PROP-034,Dallas Industrial 34,Dallas-Fort Worth,Industrial,Upside,4850716.0,0.0685,70813372.0,8.0,85,HOLD
PROP-034,Dallas Industrial 34,Dallas-Fort Worth,Industrial,Downside,4042264.0,0.076,53187684.0,-10.0,60,SELL
PROP-035,Dallas Retail 35,Dallas-Fort Worth,Retail,Base,2480257.0,0.0713,34786213.0,0.0,80,HOLD
PROP-035,Dallas Retail 35,Dallas-Fort Worth,Retail,Upside,2678678.0,0.0688,38934273.0,8.0,90,HOLD
PROP-035,Dallas Retail 35,Dallas-Fort Worth,Retail,Downside,2232231.0,0.0763,29255976.0,-10.0,65,SELL
PROP-036,Austin Retail 36,Austin,Retail,Base,3281948.0,0.0723,45393472.0,0.0,85,HOLD
PROP-036,Austin Retail 36,Austin,Retail,Upside,3544504.0,0.0698,50780860.0,8.0,95,HOLD
PROP-036,Austin Retail 36,Austin,Retail,Downside,2953753.0,0.0773,38211552.0,-10.0,70,HOLD
PROP-037,Dallas Multifamily 37,Dallas-Fort Worth,Multifamily,Base,2129000.0,0.0666,31966967.0,0.0,75,HOLD
PROP-037,Dallas Multifamily 37,Dallas-Fort Worth,Multifamily,Upside,2299320.0,0.0641,35870827.0,8.0,85,HOLD
PROP-037,Dallas Multifamily 37,Dallas-Fort Worth,Multifamily,Downside,1916100.0,0.0716,26761173.0,-10.0,60,SELL
PROP-038,Denver Multifamily 38,Denver,Multifamily,Base,2014068.0,0.0601,33511947.0,0.0,70,HOLD
PROP-038,Denver Multifamily 38,Denver,Multifamily,Upside,2175193.0,0.0576,37763767.0,8.0,80,HOLD
PROP-038,Denver Multifamily 38,Denver,Multifamily,Downside,1812661.0,0.0651,27844255.0,-10.0,55,SELL
PROP-039,Austin Office 39,Austin,Office,Base,1286988.0,0.074,17391730.0,0.0,75,HOLD
PROP-039,Austin Office 39,Austin,Office,Upside,1389947.0,0.0715,19439818.0,8.0,85,HOLD
PROP-039,Austin Office 39,Austin,Office,Downside,1158289.0,0.079,14661886.0,-10.0,60,SELL
PROP-040,Houston Retail 40,Houston,Retail,Base,4272438.0,0.0689,62009260.0,0.0,80,HOLD
PROP-040,Houston Retail 40,Houston,Retail,Upside,4614233.0,0.0664,69491461.0,8.0,90,HOLD
PROP-040,Houston Retail 40,Houston,Retail,Downside,3845194.0,0.0739,52032395.0,-10.0,65,SELL
PROP-041,Denver Office 41,Denver,Office,Base,492129.0,0.0611,8054484.0,0.0,50,SELL
PROP-041,Denver Office 41,Denver,Office,Upside,531499.0,0.0586,9069949.0,8.0,60,SELL
PROP-041,Denver Office 41,Denver,Office,Downside,442916.0,0.0661,6700696.0,-10.0,35,VALUE-ADD
PROP-042,Austin Retail 42,Austin,Retail,Base,1176431.0,0.0607,19381071.0,0.0,45,VALUE-ADD
PROP-042,Austin Retail 42,Austin,Retail,Upside,1270545.0,0.0582,21830670.0,8.0,55,SELL
PROP-042,Austin Retail 42,Austin,Retail,Downside,1058788.0,0.0657,16115495.0,-10.0,30,VALUE-ADD
PROP-043,Houston Industrial 43,Houston,Industrial,Base,1541652.0,0.0555,27777514.0,0.0,35,VALUE-ADD
PROP-043,Houston Industrial 43,Houston,Industrial,Upside,1664984.0,0.053,31414792.0,8.0,45,VALUE-ADD
PROP-043,Houston Industrial 43,Houston,Industrial,Downside,1387487.0,0.0605,22933669.0,-10.0,20,VALUE-ADD
PROP-044,Denver Industrial 44,Denver,Industrial,Base,4684313.0,0.063,74354175.0,0.0,65,SELL
PROP-044,Denver Industrial 44,Denver,Industrial,Upside,5059058.0,0.0605,83620793.0,8.0,75,HOLD
PROP-044,Denver Industrial 44,Denver,Industrial,Downside,4215882.0,0.068,61998265.0,-10.0,50,SELL
PROP-045,Austin Industrial 45,Austin,Industrial,Base,3939646.0,0.056,70350821.0,0.0,40,VALUE-ADD
PROP-045,Austin Industrial 45,Austin,Industrial,Upside,4254818.0,0.0535,79529308.0,8.0,50,SELL
PROP-045,Austin Industrial 45,Austin,Industrial,Downside,3545681.0,0.061,58125918.0,-10.0,25,VALUE-ADD
PROP-046,Denver Office 46,Denver,Office,Base,4810136.0,0.0635,75750173.0,0.0,50,SELL
PROP-046,Denver Office 46,Denver,Office,Upside,5194947.0,0.061,85163066.0,8.0,60,SELL
PROP-046,Denver Office 46,Denver,Office,Downside,4329122.0,0.0685,63198861.0,-10.0,35,VALUE-ADD
PROP-047,Austin Office 47,Austin,Office,Base,4930302.0,0.0675,73041511.0,0.0,70,HOLD
PROP-047,Austin Office 47,Austin,Office,Upside,5324726.0,0.065,81918862.0,8.0,80,HOLD
PROP-047,Austin Office 47,Austin,Office,Downside,4437272.0,0.0725,61203752.0,-10.0,55,SELL
PROP-048,Dallas Industrial 48,Dallas-Fort Worth,Industrial,Base,2447770.0,0.0627,39039394.0,0.0,60,SELL
PROP-048,Dallas Industrial 48,Dallas-Fort Worth,Industrial,Upside,2643592.0,0.0602,43913488.0,8.0,70,HOLD
PROP-048,Dallas Industrial 48,Dallas-Fort Worth,Industrial,Downside,2202993.0,0.0677,32540517.0,-10.0,45,VALUE-ADD
PROP-049,Dallas Industrial 49,Dallas-Fort Worth,Industrial,Base,4406080.0,0.0731,60274692.0,0.0,85,HOLD
PROP-049,Dallas Industrial 49,Dallas-Fort Worth,Industrial,Upside,4758566.0,0.0706,67401785.0,8.0,95,HOLD
PROP-049,Dallas Industrial 49,Dallas-Fort Worth,Industrial,Downside,3965472.0,0.0781,50774289.0,-10.0,70,HOLD
PROP-050,Dallas Office 50,Dallas-Fort Worth,Office,Base,4350739.0,0.0721,60343121.0,0.0,80,HOLD
PROP-050,Dallas Office 50,Dallas-Fort Worth,Office,Upside,4698798.0,0.0696,67511466.0,8.0,90,HOLD
PROP-050,Dallas Office 50,Dallas-Fort Worth,Office,Downside,3915665.0,0.0771,50786835.0,-10.0,65,SELL
